requested_budget,dataset_scope,panel_order,metric_order,metric,metric_display,lower_is_better,method,method_display,method_order,value,n_datasets,candidate_datasets,complete_datasets
50,non_large,0,0,mean_rank,Mean rank,True,realmlp,RealMLP,0,5.138888888888889,36,36,36
50,non_large,0,0,mean_rank,Mean rank,True,mlp,MLP,1,7.805555555555555,36,36,36
50,non_large,0,0,mean_rank,Mean rank,True,agentic-mlp,MLP (agentic),2,7.416666666666667,36,36,36
50,non_large,0,0,mean_rank,Mean rank,True,lightgbm,LightGBM,3,6.527777777777778,36,36,36
50,non_large,0,0,mean_rank,Mean rank,True,agentic-lightgbm,LightGBM (agentic),4,6.111111111111111,36,36,36
50,non_large,0,0,mean_rank,Mean rank,True,tabm,TabM,5,5.138888888888889,36,36,36
50,non_large,0,0,mean_rank,Mean rank,True,agentic-tabm,TabM (agentic),6,4.833333333333333,36,36,36
50,non_large,0,0,mean_rank,Mean rank,True,tabicl,TabICL,7,3.611111111111111,36,36,36
50,non_large,0,0,mean_rank,Mean rank,True,agentic-tabicl,TabICL (agentic),8,3.0277777777777777,36,36,36
50,non_large,0,0,mean_rank,Mean rank,True,agentic-realmlp,RealMLP (agentic),9,5.388888888888889,36,36,36
100,non_large,0,0,mean_rank,Mean rank,True,realmlp,RealMLP,0,5.013888888888889,36,36,36
100,non_large,0,0,mean_rank,Mean rank,True,mlp,MLP,1,8.11111111111111,36,36,36
100,non_large,0,0,mean_rank,Mean rank,True,agentic-mlp,MLP (agentic),2,7.166666666666667,36,36,36
100,non_large,0,0,mean_rank,Mean rank,True,lightgbm,LightGBM,3,6.444444444444445,36,36,36
100,non_large,0,0,mean_rank,Mean rank,True,agentic-lightgbm,LightGBM (agentic),4,6.444444444444445,36,36,36
100,non_large,0,0,mean_rank,Mean rank,True,tabm,TabM,5,5.194444444444445,36,36,36
100,non_large,0,0,mean_rank,Mean rank,True,agentic-tabm,TabM (agentic),6,4.694444444444445,36,36,36
100,non_large,0,0,mean_rank,Mean rank,True,tabicl,TabICL,7,3.5277777777777777,36,36,36
100,non_large,0,0,mean_rank,Mean rank,True,agentic-tabicl,TabICL (agentic),8,3.0555555555555554,36,36,36
100,non_large,0,0,mean_rank,Mean rank,True,agentic-realmlp,RealMLP (agentic),9,5.347222222222222,36,36,36
150,non_large,0,0,mean_rank,Mean rank,True,realmlp,RealMLP,0,5.166666666666667,36,36,36
150,non_large,0,0,mean_rank,Mean rank,True,mlp,MLP,1,7.861111111111111,36,36,36
150,non_large,0,0,mean_rank,Mean rank,True,agentic-mlp,MLP (agentic),2,7.333333333333333,36,36,36
150,non_large,0,0,mean_rank,Mean rank,True,lightgbm,LightGBM,3,6.777777777777778,36,36,36
150,non_large,0,0,mean_rank,Mean rank,True,agentic-lightgbm,LightGBM (agentic),4,6.305555555555555,36,36,36
150,non_large,0,0,mean_rank,Mean rank,True,tabm,TabM,5,4.972222222222222,36,36,36
150,non_large,0,0,mean_rank,Mean rank,True,agentic-tabm,TabM (agentic),6,4.763888888888889,36,36,36
150,non_large,0,0,mean_rank,Mean rank,True,tabicl,TabICL,7,3.5277777777777777,36,36,36
150,non_large,0,0,mean_rank,Mean rank,True,agentic-tabicl,TabICL (agentic),8,3.1666666666666665,36,36,36
150,non_large,0,0,mean_rank,Mean rank,True,agentic-realmlp,RealMLP (agentic),9,5.125,36,36,36
200,non_large,0,0,mean_rank,Mean rank,True,realmlp,RealMLP,0,5.0,36,36,36
200,non_large,0,0,mean_rank,Mean rank,True,mlp,MLP,1,7.583333333333333,36,36,36
200,non_large,0,0,mean_rank,Mean rank,True,agentic-mlp,MLP (agentic),2,6.972222222222222,36,36,36
200,non_large,0,0,mean_rank,Mean rank,True,lightgbm,LightGBM,3,6.75,36,36,36
200,non_large,0,0,mean_rank,Mean rank,True,agentic-lightgbm,LightGBM (agentic),4,6.444444444444445,36,36,36
200,non_large,0,0,mean_rank,Mean rank,True,tabm,TabM,5,5.083333333333333,36,36,36
200,non_large,0,0,mean_rank,Mean rank,True,agentic-tabm,TabM (agentic),6,4.472222222222222,36,36,36
200,non_large,0,0,mean_rank,Mean rank,True,tabicl,TabICL,7,3.611111111111111,36,36,36
200,non_large,0,0,mean_rank,Mean rank,True,agentic-tabicl,TabICL (agentic),8,3.25,36,36,36
200,non_large,0,0,mean_rank,Mean rank,True,agentic-realmlp,RealMLP (agentic),9,5.833333333333333,36,36,36
50,non_large,0,1,improvement_over_mlp,Improvement over MLP (%),False,realmlp,RealMLP,0,2.4631363406669755,36,36,36
50,non_large,0,1,improvement_over_mlp,Improvement over MLP (%),False,mlp,MLP,1,0.0,36,36,36
50,non_large,0,1,improvement_over_mlp,Improvement over MLP (%),False,agentic-mlp,MLP (agentic),2,1.1672763526905519,36,36,36
50,non_large,0,1,improvement_over_mlp,Improvement over MLP (%),False,lightgbm,LightGBM,3,0.4983193960600649,36,36,36
50,non_large,0,1,improvement_over_mlp,Improvement over MLP (%),False,agentic-lightgbm,LightGBM (agentic),4,1.2198909599092191,36,36,36
50,non_large,0,1,improvement_over_mlp,Improvement over MLP (%),False,tabm,TabM,5,2.1933114511845733,36,36,36
50,non_large,0,1,improvement_over_mlp,Improvement over MLP (%),False,agentic-tabm,TabM (agentic),6,2.7193688299031136,36,36,36
50,non_large,0,1,improvement_over_mlp,Improvement over MLP (%),False,tabicl,TabICL,7,5.206336261013057,36,36,36
50,non_large,0,1,improvement_over_mlp,Improvement over MLP (%),False,agentic-tabicl,TabICL (agentic),8,5.423025251802881,36,36,36
50,non_large,0,1,improvement_over_mlp,Improvement over MLP (%),False,agentic-realmlp,RealMLP (agentic),9,2.3843186510748238,36,36,36
100,non_large,0,1,improvement_over_mlp,Improvement over MLP (%),False,realmlp,RealMLP,0,2.0364023720557665,36,36,36
100,non_large,0,1,improvement_over_mlp,Improvement over MLP (%),False,mlp,MLP,1,0.0,36,36,36
100,non_large,0,1,improvement_over_mlp,Improvement over MLP (%),False,agentic-mlp,MLP (agentic),2,1.4971771899778537,36,36,36
100,non_large,0,1,improvement_over_mlp,Improvement over MLP (%),False,lightgbm,LightGBM,3,0.7912293078746894,36,36,36
100,non_large,0,1,improvement_over_mlp,Improvement over MLP (%),False,agentic-lightgbm,LightGBM (agentic),4,1.4603740012103354,36,36,36
100,non_large,0,1,improvement_over_mlp,Improvement over MLP (%),False,tabm,TabM,5,2.178993215295099,36,36,36
100,non_large,0,1,improvement_over_mlp,Improvement over MLP (%),False,agentic-tabm,TabM (agentic),6,2.8595918057074865,36,36,36
100,non_large,0,1,improvement_over_mlp,Improvement over MLP (%),False,tabicl,TabICL,7,5.231268008042213,36,36,36
100,non_large,0,1,improvement_over_mlp,Improvement over MLP (%),False,agentic-tabicl,TabICL (agentic),8,5.448656595054176,36,36,36
100,non_large,0,1,improvement_over_mlp,Improvement over MLP (%),False,agentic-realmlp,RealMLP (agentic),9,2.412143704123237,36,36,36
150,non_large,0,1,improvement_over_mlp,Improvement over MLP (%),False,realmlp,RealMLP,0,2.065310227890089,36,36,36
150,non_large,0,1,improvement_over_mlp,Improvement over MLP (%),False,mlp,MLP,1,0.0,36,36,36
150,non_large,0,1,improvement_over_mlp,Improvement over MLP (%),False,agentic-mlp,MLP (agentic),2,1.7365304887212694,36,36,36
150,non_large,0,1,improvement_over_mlp,Improvement over MLP (%),False,lightgbm,LightGBM,3,0.4748893022007785,36,36,36
150,non_large,0,1,improvement_over_mlp,Improvement over MLP (%),False,agentic-lightgbm,LightGBM (agentic),4,1.6899862558845937,36,36,36
150,non_large,0,1,improvement_over_mlp,Improvement over MLP (%),False,tabm,TabM,5,2.3105767073879333,36,36,36
150,non_large,0,1,improvement_over_mlp,Improvement over MLP (%),False,agentic-tabm,TabM (agentic),6,2.682699279831673,36,36,36
150,non_large,0,1,improvement_over_mlp,Improvement over MLP (%),False,tabicl,TabICL,7,5.203329523587814,36,36,36
150,non_large,0,1,improvement_over_mlp,Improvement over MLP (%),False,agentic-tabicl,TabICL (agentic),8,5.420460962101848,36,36,36
150,non_large,0,1,improvement_over_mlp,Improvement over MLP (%),False,agentic-realmlp,RealMLP (agentic),9,2.3212325058707104,36,36,36
200,non_large,0,1,improvement_over_mlp,Improvement over MLP (%),False,realmlp,RealMLP,0,1.9869957619623788,36,36,36
200,non_large,0,1,improvement_over_mlp,Improvement over MLP (%),False,mlp,MLP,1,0.0,36,36,36
200,non_large,0,1,improvement_over_mlp,Improvement over MLP (%),False,agentic-mlp,MLP (agentic),2,1.5389493496324398,36,36,36
200,non_large,0,1,improvement_over_mlp,Improvement over MLP (%),False,lightgbm,LightGBM,3,0.3157386369684383,36,36,36
200,non_large,0,1,improvement_over_mlp,Improvement over MLP (%),False,agentic-lightgbm,LightGBM (agentic),4,1.4708181920679506,36,36,36
200,non_large,0,1,improvement_over_mlp,Improvement over MLP (%),False,tabm,TabM,5,2.142718650814656,36,36,36
200,non_large,0,1,improvement_over_mlp,Improvement over MLP (%),False,agentic-tabm,TabM (agentic),6,2.64522069586885,36,36,36
200,non_large,0,1,improvement_over_mlp,Improvement over MLP (%),False,tabicl,TabICL,7,5.063398093436867,36,36,36
200,non_large,0,1,improvement_over_mlp,Improvement over MLP (%),False,agentic-tabicl,TabICL (agentic),8,5.280467373502861,36,36,36
200,non_large,0,1,improvement_over_mlp,Improvement over MLP (%),False,agentic-realmlp,RealMLP (agentic),9,1.859344799360362,36,36,36
50,non_large,0,2,normalized_score,Normalized score,False,realmlp,RealMLP,0,0.22854614032722897,36,36,36
50,non_large,0,2,normalized_score,Normalized score,False,mlp,MLP,1,0.04224179229628376,36,36,36
50,non_large,0,2,normalized_score,Normalized score,False,agentic-mlp,MLP (agentic),2,0.02911853971917229,36,36,36
50,non_large,0,2,normalized_score,Normalized score,False,lightgbm,LightGBM,3,0.1566586978863355,36,36,36
50,non_large,0,2,normalized_score,Normalized score,False,agentic-lightgbm,LightGBM (agentic),4,0.1393505290596576,36,36,36
50,non_large,0,2,normalized_score,Normalized score,False,tabm,TabM,5,0.19734314877013598,36,36,36
50,non_large,0,2,normalized_score,Normalized score,False,agentic-tabm,TabM (agentic),6,0.21573022172075798,36,36,36
50,non_large,0,2,normalized_score,Normalized score,False,tabicl,TabICL,7,0.6329676149471218,36,36,36
50,non_large,0,2,normalized_score,Normalized score,False,agentic-tabicl,TabICL (agentic),8,0.6555975467495584,36,36,36
50,non_large,0,2,normalized_score,Normalized score,False,agentic-realmlp,RealMLP (agentic),9,0.20027695199579118,36,36,36
100,non_large,0,2,normalized_score,Normalized score,False,realmlp,RealMLP,0,0.20710184151201663,36,36,36
100,non_large,0,2,normalized_score,Normalized score,False,mlp,MLP,1,0.04349474346376278,36,36,36
100,non_large,0,2,normalized_score,Normalized score,False,agentic-mlp,MLP (agentic),2,0.07268666172192371,36,36,36
100,non_large,0,2,normalized_score,Normalized score,False,lightgbm,LightGBM,3,0.12128121982474964,36,36,36
100,non_large,0,2,normalized_score,Normalized score,False,agentic-lightgbm,LightGBM (agentic),4,0.14662252517604782,36,36,36
100,non_large,0,2,normalized_score,Normalized score,False,tabm,TabM,5,0.24533310506291428,36,36,36
100,non_large,0,2,normalized_score,Normalized score,False,agentic-tabm,TabM (agentic),6,0.2524632867850837,36,36,36
100,non_large,0,2,normalized_score,Normalized score,False,tabicl,TabICL,7,0.6441384167277464,36,36,36
100,non_large,0,2,normalized_score,Normalized score,False,agentic-tabicl,TabICL (agentic),8,0.6653271652105475,36,36,36
100,non_large,0,2,normalized_score,Normalized score,False,agentic-realmlp,RealMLP (agentic),9,0.1534356306809137,36,36,36
150,non_large,0,2,normalized_score,Normalized score,False,realmlp,RealMLP,0,0.22159214195013638,36,36,36
150,non_large,0,2,normalized_score,Normalized score,False,mlp,MLP,1,0.052306035235562626,36,36,36
150,non_large,0,2,normalized_score,Normalized score,False,agentic-mlp,MLP (agentic),2,0.06812521100396891,36,36,36
150,non_large,0,2,normalized_score,Normalized score,False,lightgbm,LightGBM,3,0.09866404831639358,36,36,36
150,non_large,0,2,normalized_score,Normalized score,False,agentic-lightgbm,LightGBM (agentic),4,0.11600533856225173,36,36,36
150,non_large,0,2,normalized_score,Normalized score,False,tabm,TabM,5,0.22240997007542956,36,36,36
150,non_large,0,2,normalized_score,Normalized score,False,agentic-tabm,TabM (agentic),6,0.26850414289218194,36,36,36
150,non_large,0,2,normalized_score,Normalized score,False,tabicl,TabICL,7,0.6114088075560908,36,36,36
150,non_large,0,2,normalized_score,Normalized score,False,agentic-tabicl,TabICL (agentic),8,0.6405870809407053,36,36,36
150,non_large,0,2,normalized_score,Normalized score,False,agentic-realmlp,RealMLP (agentic),9,0.19056319869037416,36,36,36
200,non_large,0,2,normalized_score,Normalized score,False,realmlp,RealMLP,0,0.225489890936969,36,36,36
200,non_large,0,2,normalized_score,Normalized score,False,mlp,MLP,1,0.07396501173469244,36,36,36
200,non_large,0,2,normalized_score,Normalized score,False,agentic-mlp,MLP (agentic),2,0.08992931553707814,36,36,36
200,non_large,0,2,normalized_score,Normalized score,False,lightgbm,LightGBM,3,0.1300120174258543,36,36,36
200,non_large,0,2,normalized_score,Normalized score,False,agentic-lightgbm,LightGBM (agentic),4,0.10521655572897526,36,36,36
200,non_large,0,2,normalized_score,Normalized score,False,tabm,TabM,5,0.21526565892016017,36,36,36
200,non_large,0,2,normalized_score,Normalized score,False,agentic-tabm,TabM (agentic),6,0.2701560930485921,36,36,36
200,non_large,0,2,normalized_score,Normalized score,False,tabicl,TabICL,7,0.5970926161174438,36,36,36
200,non_large,0,2,normalized_score,Normalized score,False,agentic-tabicl,TabICL (agentic),8,0.6377187954544493,36,36,36
200,non_large,0,2,normalized_score,Normalized score,False,agentic-realmlp,RealMLP (agentic),9,0.14343467377227942,36,36,36
50,non_large,0,3,elo,Elo (mlp = 1000),False,realmlp,RealMLP,0,1218.6592030517377,36,36,36
50,non_large,0,3,elo,Elo (mlp = 1000),False,mlp,MLP,1,1000.0,36,36,36
50,non_large,0,3,elo,Elo (mlp = 1000),False,agentic-mlp,MLP (agentic),2,1035.8794582636308,36,36,36
50,non_large,0,3,elo,Elo (mlp = 1000),False,lightgbm,LightGBM,3,1110.5223005309472,36,36,36
50,non_large,0,3,elo,Elo (mlp = 1000),False,agentic-lightgbm,LightGBM (agentic),4,1143.4526762493545,36,36,36
50,non_large,0,3,elo,Elo (mlp = 1000),False,tabm,TabM,5,1218.6592030517377,36,36,36
50,non_large,0,3,elo,Elo (mlp = 1000),False,agentic-tabm,TabM (agentic),6,1242.461805349536,36,36,36
50,non_large,0,3,elo,Elo (mlp = 1000),False,tabicl,TabICL,7,1343.4156000887401,36,36,36
50,non_large,0,3,elo,Elo (mlp = 1000),False,agentic-tabicl,TabICL (agentic),8,1398.211962023987,36,36,36
50,non_large,0,3,elo,Elo (mlp = 1000),False,agentic-realmlp,RealMLP (agentic),9,1199.338936638144,36,36,36
100,non_large,0,3,elo,Elo (mlp = 1000),False,realmlp,RealMLP,0,1261.280362277533,36,36,36
100,non_large,0,3,elo,Elo (mlp = 1000),False,mlp,MLP,1,1000.0,36,36,36
100,non_large,0,3,elo,Elo (mlp = 1000),False,agentic-mlp,MLP (agentic),2,1088.9954307897842,36,36,36
100,non_large,0,3,elo,Elo (mlp = 1000),False,lightgbm,LightGBM,3,1149.0701436117981,36,36,36
100,non_large,0,3,elo,Elo (mlp = 1000),False,agentic-lightgbm,LightGBM (agentic),4,1149.0701436117981,36,36,36
100,non_large,0,3,elo,Elo (mlp = 1000),False,tabm,TabM,5,1247.1570207581422,36,36,36
100,non_large,0,3,elo,Elo (mlp = 1000),False,agentic-tabm,TabM (agentic),6,1286.5101241416462,36,36,36
100,non_large,0,3,elo,Elo (mlp = 1000),False,tabicl,TabICL,7,1384.6414591363875,36,36,36
100,non_large,0,3,elo,Elo (mlp = 1000),False,agentic-tabicl,TabICL (agentic),8,1429.4369189747426,36,36,36
100,non_large,0,3,elo,Elo (mlp = 1000),False,agentic-realmlp,RealMLP (agentic),9,1235.2510019144272,36,36,36
150,non_large,0,3,elo,Elo (mlp = 1000),False,realmlp,RealMLP,0,1223.175437241027,36,36,36
150,non_large,0,3,elo,Elo (mlp = 1000),False,mlp,MLP,1,1000.0000000000001,36,36,36
150,non_large,0,3,elo,Elo (mlp = 1000),False,agentic-mlp,MLP (agentic),2,1048.8864346690302,36,36,36
150,non_large,0,3,elo,Elo (mlp = 1000),False,lightgbm,LightGBM,3,1096.2002464485752,36,36,36
150,non_large,0,3,elo,Elo (mlp = 1000),False,agentic-lightgbm,LightGBM (agentic),4,1134.3503187261188,36,36,36
150,non_large,0,3,elo,Elo (mlp = 1000),False,tabm,TabM,5,1238.3481403278577,36,36,36
150,non_large,0,3,elo,Elo (mlp = 1000),False,agentic-tabm,TabM (agentic),6,1254.7304859856226,36,36,36
150,non_large,0,3,elo,Elo (mlp = 1000),False,tabicl,TabICL,7,1357.98531659864,36,36,36
150,non_large,0,3,elo,Elo (mlp = 1000),False,agentic-tabicl,TabICL (agentic),8,1391.7034529539192,36,36,36
150,non_large,0,3,elo,Elo (mlp = 1000),False,agentic-realmlp,RealMLP (agentic),9,1226.4194484545899,36,36,36
200,non_large,0,3,elo,Elo (mlp = 1000),False,realmlp,RealMLP,0,1206.4500343509023,36,36,36
200,non_large,0,3,elo,Elo (mlp = 1000),False,mlp,MLP,1,1000.0,36,36,36
200,non_large,0,3,elo,Elo (mlp = 1000),False,agentic-mlp,MLP (agentic),2,1052.7410495147406,36,36,36
200,non_large,0,3,elo,Elo (mlp = 1000),False,lightgbm,LightGBM,3,1070.9014063409475,36,36,36
200,non_large,0,3,elo,Elo (mlp = 1000),False,agentic-lightgbm,LightGBM (agentic),4,1095.2642338189128,36,36,36
200,non_large,0,3,elo,Elo (mlp = 1000),False,tabm,TabM,5,1200.0298642584012,36,36,36
200,non_large,0,3,elo,Elo (mlp = 1000),False,agentic-tabm,TabM (agentic),6,1247.7379899996752,36,36,36
200,non_large,0,3,elo,Elo (mlp = 1000),False,tabicl,TabICL,7,1319.499900022154,36,36,36
200,non_large,0,3,elo,Elo (mlp = 1000),False,agentic-tabicl,TabICL (agentic),8,1352.4011480071058,36,36,36
200,non_large,0,3,elo,Elo (mlp = 1000),False,agentic-realmlp,RealMLP (agentic),9,1142.6374383261993,36,36,36
50,large,1,0,mean_rank,Mean rank,True,realmlp,RealMLP,0,2.5,6,9,6
50,large,1,0,mean_rank,Mean rank,True,mlp,MLP,1,6.166666666666667,6,9,6
50,large,1,0,mean_rank,Mean rank,True,agentic-mlp,MLP (agentic),2,5.166666666666667,6,9,6
50,large,1,0,mean_rank,Mean rank,True,lightgbm,LightGBM,3,5.666666666666667,6,9,6
50,large,1,0,mean_rank,Mean rank,True,agentic-lightgbm,LightGBM (agentic),4,7.333333333333333,6,9,6
50,large,1,0,mean_rank,Mean rank,True,tabm,TabM,5,4.0,6,9,6
50,large,1,0,mean_rank,Mean rank,True,agentic-tabm,TabM (agentic),6,3.5,6,9,6
50,large,1,0,mean_rank,Mean rank,True,tabicl,TabICL,7,9.5,6,9,6
50,large,1,0,mean_rank,Mean rank,True,agentic-tabicl,TabICL (agentic),8,7.833333333333333,6,9,6
50,large,1,0,mean_rank,Mean rank,True,agentic-realmlp,RealMLP (agentic),9,3.3333333333333335,6,9,6
100,large,1,0,mean_rank,Mean rank,True,realmlp,RealMLP,0,3.4444444444444446,9,9,9
100,large,1,0,mean_rank,Mean rank,True,mlp,MLP,1,6.555555555555555,9,9,9
100,large,1,0,mean_rank,Mean rank,True,agentic-mlp,MLP (agentic),2,6.0,9,9,9
100,large,1,0,mean_rank,Mean rank,True,lightgbm,LightGBM,3,5.0,9,9,9
100,large,1,0,mean_rank,Mean rank,True,agentic-lightgbm,LightGBM (agentic),4,5.333333333333333,9,9,9
100,large,1,0,mean_rank,Mean rank,True,tabm,TabM,5,3.6666666666666665,9,9,9
100,large,1,0,mean_rank,Mean rank,True,agentic-tabm,TabM (agentic),6,3.4444444444444446,9,9,9
100,large,1,0,mean_rank,Mean rank,True,tabicl,TabICL,7,9.444444444444445,9,9,9
100,large,1,0,mean_rank,Mean rank,True,agentic-tabicl,TabICL (agentic),8,8.444444444444445,9,9,9
100,large,1,0,mean_rank,Mean rank,True,agentic-realmlp,RealMLP (agentic),9,3.6666666666666665,9,9,9
50,large,1,1,improvement_over_mlp,Improvement over MLP (%),False,realmlp,RealMLP,0,1.8288422372369704,6,9,6
50,large,1,1,improvement_over_mlp,Improvement over MLP (%),False,mlp,MLP,1,0.0,6,9,6
50,large,1,1,improvement_over_mlp,Improvement over MLP (%),False,agentic-mlp,MLP (agentic),2,0.5499431957325391,6,9,6
50,large,1,1,improvement_over_mlp,Improvement over MLP (%),False,lightgbm,LightGBM,3,-0.0042955451068484125,6,9,6
50,large,1,1,improvement_over_mlp,Improvement over MLP (%),False,agentic-lightgbm,LightGBM (agentic),4,-0.8141588115999351,6,9,6
50,large,1,1,improvement_over_mlp,Improvement over MLP (%),False,tabm,TabM,5,0.9722144330829616,6,9,6
50,large,1,1,improvement_over_mlp,Improvement over MLP (%),False,agentic-tabm,TabM (agentic),6,1.2656052203528472,6,9,6
50,large,1,1,improvement_over_mlp,Improvement over MLP (%),False,tabicl,TabICL,7,-4.25299966160648,6,9,6
50,large,1,1,improvement_over_mlp,Improvement over MLP (%),False,agentic-tabicl,TabICL (agentic),8,-1.3826602161141224,6,9,6
50,large,1,1,improvement_over_mlp,Improvement over MLP (%),False,agentic-realmlp,RealMLP (agentic),9,1.0237592472975894,6,9,6
100,large,1,1,improvement_over_mlp,Improvement over MLP (%),False,realmlp,RealMLP,0,1.322809100535453,9,9,9
100,large,1,1,improvement_over_mlp,Improvement over MLP (%),False,mlp,MLP,1,0.0,9,9,9
100,large,1,1,improvement_over_mlp,Improvement over MLP (%),False,agentic-mlp,MLP (agentic),2,0.2574964678353809,9,9,9
100,large,1,1,improvement_over_mlp,Improvement over MLP (%),False,lightgbm,LightGBM,3,-0.08603077373641242,9,9,9
100,large,1,1,improvement_over_mlp,Improvement over MLP (%),False,agentic-lightgbm,LightGBM (agentic),4,-0.27226462554260406,9,9,9
100,large,1,1,improvement_over_mlp,Improvement over MLP (%),False,tabm,TabM,5,0.7244869514867172,9,9,9
100,large,1,1,improvement_over_mlp,Improvement over MLP (%),False,agentic-tabm,TabM (agentic),6,0.8626768773637621,9,9,9
100,large,1,1,improvement_over_mlp,Improvement over MLP (%),False,tabicl,TabICL,7,-4.3635716103353905,9,9,9
100,large,1,1,improvement_over_mlp,Improvement over MLP (%),False,agentic-tabicl,TabICL (agentic),8,-2.4031206452168967,9,9,9
100,large,1,1,improvement_over_mlp,Improvement over MLP (%),False,agentic-realmlp,RealMLP (agentic),9,0.8550717811744865,9,9,9
50,large,1,2,normalized_score,Normalized score,False,realmlp,RealMLP,0,0.6927637614675158,6,9,6
50,large,1,2,normalized_score,Normalized score,False,mlp,MLP,1,0.16597024965226548,6,9,6
50,large,1,2,normalized_score,Normalized score,False,agentic-mlp,MLP (agentic),2,0.2049779491509819,6,9,6
50,large,1,2,normalized_score,Normalized score,False,lightgbm,LightGBM,3,0.2136490930009597,6,9,6
50,large,1,2,normalized_score,Normalized score,False,agentic-lightgbm,LightGBM (agentic),4,0.012480619667796193,6,9,6
50,large,1,2,normalized_score,Normalized score,False,tabm,TabM,5,0.3525944548120907,6,9,6
50,large,1,2,normalized_score,Normalized score,False,agentic-tabm,TabM (agentic),6,0.4845014498811921,6,9,6
50,large,1,2,normalized_score,Normalized score,False,tabicl,TabICL,7,0.0,6,9,6
50,large,1,2,normalized_score,Normalized score,False,agentic-tabicl,TabICL (agentic),8,0.1171544402819578,6,9,6
50,large,1,2,normalized_score,Normalized score,False,agentic-realmlp,RealMLP (agentic),9,0.5147851450027975,6,9,6
100,large,1,2,normalized_score,Normalized score,False,realmlp,RealMLP,0,0.5937809855264469,9,9,9
100,large,1,2,normalized_score,Normalized score,False,mlp,MLP,1,0.09145726831460031,9,9,9
100,large,1,2,normalized_score,Normalized score,False,agentic-mlp,MLP (agentic),2,0.13097615975237542,9,9,9
100,large,1,2,normalized_score,Normalized score,False,lightgbm,LightGBM,3,0.32569138476538106,9,9,9
100,large,1,2,normalized_score,Normalized score,False,agentic-lightgbm,LightGBM (agentic),4,0.31589093196186535,9,9,9
100,large,1,2,normalized_score,Normalized score,False,tabm,TabM,5,0.42220572017008057,9,9,9
100,large,1,2,normalized_score,Normalized score,False,agentic-tabm,TabM (agentic),6,0.4004939127040333,9,9,9
100,large,1,2,normalized_score,Normalized score,False,tabicl,TabICL,7,0.0,9,9,9
100,large,1,2,normalized_score,Normalized score,False,agentic-tabicl,TabICL (agentic),8,0.06699679801160578,9,9,9
100,large,1,2,normalized_score,Normalized score,False,agentic-realmlp,RealMLP (agentic),9,0.5122810310785133,9,9,9
50,large,1,3,elo,Elo (mlp = 1000),False,realmlp,RealMLP,0,1371.3844383680525,6,9,6
50,large,1,3,elo,Elo (mlp = 1000),False,mlp,MLP,1,999.9999999999999,6,9,6
50,large,1,3,elo,Elo (mlp = 1000),False,agentic-mlp,MLP (agentic),2,1095.796505903282,6,9,6
50,large,1,3,elo,Elo (mlp = 1000),False,lightgbm,LightGBM,3,1048.3893132329524,6,9,6
50,large,1,3,elo,Elo (mlp = 1000),False,agentic-lightgbm,LightGBM (agentic),4,877.948598539024,6,9,6
50,large,1,3,elo,Elo (mlp = 1000),False,tabm,TabM,5,1207.236721075798,6,9,6
50,large,1,3,elo,Elo (mlp = 1000),False,agentic-tabm,TabM (agentic),6,1257.6280501616413,6,9,6
50,large,1,3,elo,Elo (mlp = 1000),False,tabicl,TabICL,7,536.8479356099473,6,9,6
50,large,1,3,elo,Elo (mlp = 1000),False,agentic-tabicl,TabICL (agentic),8,818.4879693374223,6,9,6
50,large,1,3,elo,Elo (mlp = 1000),False,agentic-realmlp,RealMLP (agentic),9,1275.119889811883,6,9,6
100,large,1,3,elo,Elo (mlp = 1000),False,realmlp,RealMLP,0,1288.2205146325948,9,9,9
100,large,1,3,elo,Elo (mlp = 1000),False,mlp,MLP,1,1000.0,9,9,9
100,large,1,3,elo,Elo (mlp = 1000),False,agentic-mlp,MLP (agentic),2,1053.8740483299368,9,9,9
100,large,1,3,elo,Elo (mlp = 1000),False,lightgbm,LightGBM,3,1145.1173207732675,9,9,9
100,large,1,3,elo,Elo (mlp = 1000),False,agentic-lightgbm,LightGBM (agentic),4,1115.1753724644286,9,9,9
100,large,1,3,elo,Elo (mlp = 1000),False,tabm,TabM,5,1266.7106126534175,9,9,9
100,large,1,3,elo,Elo (mlp = 1000),False,agentic-tabm,TabM (agentic),6,1288.2205146325948,9,9,9
100,large,1,3,elo,Elo (mlp = 1000),False,tabicl,TabICL,7,584.0974188867272,9,9,9
100,large,1,3,elo,Elo (mlp = 1000),False,agentic-tabicl,TabICL (agentic),8,771.6917533206583,9,9,9
100,large,1,3,elo,Elo (mlp = 1000),False,agentic-realmlp,RealMLP (agentic),9,1266.7106126534175,9,9,9
